{
  "Root": {
    "rot": [
      1.0,
      0.0,
      0.0,
      0.0
    ],
    "loc": [
      0.0,
      0.0,
      0.0
    ]
  },
  "Hips": {
    "rot": [
      1.0,
      0.0,
      0.0,
      0.0
    ],
    "loc": [
      0.0,
      0.0,
      0.0
    ]
  },
  "Spine": {
    "rot": [
      1.0,
      0.0,
      0.0,
      0.0
    ],
    "loc": [
      0.0,
      0.0,
      0.0
    ]
  },
  "Chest": {
    "rot": [
      1.0,
      0.0,
      0.0,
      0.0
    ],
    "loc": [
      0.0,
      0.0,
      0.0
    ]
  },
  "Neck": {
    "rot": [
      1.0,
      0.0,
      0.0,
      0.0
    ],
    "loc": [
      0.0,
      0.0,
      0.0
    ]
  },
  "Head": {
    "rot": [
      1.0,
      0.0,
      0.0,
      0.0
    ],
    "loc": [
      0.0,
      0.0,
      0.0
    ]
  },
  "HairSocket": {
    "rot": [
      1.0,
      0.0,
      0.0,
      0.0
    ],
    "loc": [
      0.0,
      0.0,
      0.0
    ]
  },
  "Leg.L": {
    "rot": [
      0.9797044396400452,
      0.1948215365409851,
      0.01563122496008873,
      -0.044493041932582855
    ],
    "loc": [
      0.0,
      0.0,
      0.0
    ]
  },
  "Shin.L": {
    "rot": [
      0.9902177453041077,
      0.00423185620456934,
      -0.13421520590782166,
      -0.037911027669906616
    ],
    "loc": [
      0.0,
      0.0,
      0.0
    ]
  },
  "Foot.L": {
    "rot": [
      0.9742594957351685,
      -0.12843608856201172,
      0.04714309051632881,
      0.17916494607925415
    ],
    "loc": [
      0.0,
      0.0,
      0.0
    ]
  },
  "Leg.R": {
    "rot": [
      0.9834312200546265,
      0.1566651463508606,
      -0.013477498665452003,
      0.0902077853679657
    ],
    "loc": [
      0.0,
      0.0,
      0.0
    ]
  },
  "Shin.R": {
    "rot": [
      0.9858445525169373,
      0.045862942934036255,
      -0.003125512506812811,
      -0.16123729944229126
    ],
    "loc": [
      0.0,
      0.0,
      0.0
    ]
  },
  "Foot.R": {
    "rot": [
      0.9964777231216431,
      -0.07228749990463257,
      -0.03836087882518768,
      0.018305813893675804
    ],
    "loc": [
      0.0,
      0.0,
      0.0
    ]
  },
  "Clavicle.L": {
    "rot": [
      1.0,
      0.0,
      0.0,
      0.0
    ],
    "loc": [
      0.0,
      0.0,
      0.0
    ]
  },
  "Upper_Arm.L": {
    "rot": [
      1.0,
      0.0,
      0.0,
      0.0
    ],
    "loc": [
      0.0,
      0.0,
      0.0
    ]
  },
  "Lower_Arm.L": {
    "rot": [
      1.0,
      0.0,
      0.0,
      0.0
    ],
    "loc": [
      0.0,
      0.0,
      0.0
    ]
  },
  "Hand.L": {
    "rot": [
      1.0,
      0.0,
      0.0,
      0.0
    ],
    "loc": [
      0.0,
      0.0,
      0.0
    ]
  },
  "Clavicle.R": {
    "rot": [
      1.0,
      0.0,
      0.0,
      -0.0
    ],
    "loc": [
      0.017842808738350868,
      -0.004722102079540491,
      -0.007453547790646553
    ]
  },
  "Upper_Arm.R": {
    "rot": [
      1.0,
      0.0,
      0.0,
      -1.862645149230957e-09
    ],
    "loc": [
      -0.0,
      0.0,
      0.0
    ]
  },
  "Lower_Arm.R": {
    "rot": [
      0.9975396990776062,
      0.06405101716518402,
      0.005455923266708851,
      0.027967538684606552
    ],
    "loc": [
      -0.0,
      0.0,
      0.0
    ]
  },
  "Hand.R": {
    "rot": [
      1.0,
      0.0,
      0.0,
      -0.0
    ],
    "loc": [
      -0.0,
      0.0,
      0.0
    ]
  }
}